{
  "rules": {
    "class-name": true,
    "comment-format": [
      true,
      "check-space"
    ],
    "curly": false,
    "eofline": true,
    "indent": [
      true,
      "tabs"
    ],
    "label-position": true,
    "max-line-length": [
      true, 
      140
    ],
    "member-ordering": [
      true,
      "private-before-public",
      "static-before-instance",
      "variables-before-functions"
    ],
    "no-arg": true,
    "no-construct": true,
    "no-duplicate-key": true,
    "no-duplicate-variable": true,
    "no-empty": true,
    "no-eval": true,
    "no-inferrable-types": true,
    "no-shadowed-variable": true,
    "no-string-literal": false,
    "no-switch-case-fall-through": true,
    "no-trailing-whitespace": true,
    "no-unused-expression": true,
    "no-unused-variable": true,
    "no-unreachable": true,
    "no-use-before-declare": true,
    "no-var-keyword": true,
    "one-line": [
      true,
      "check-open-brace",
      "check-catch",
      "check-else",
      "check-whitespace"
    ],
    "quotemark": [
      true, 
      "single"
    ],
    "radix" : true,
    "semicolon": [
      "always"
    ],
    "triple-equals": [
      true,
      "allow-null-check"
    ],
    "variable-name": false,
    "whitespace": [
      true,
      "check-branch",
      "check-decl",
      "check-operator",
      "check-separator"
    ]
  }
}  
